{
	"3D": true,
	"BlockSize": 1,
	"ChunkDeep": 100,
	"ChunkWide": 100,
	"CoherenceTable": [
		[
			0,
			0,
			0,
			0,
			0,
			1,
			1,
			1,
			1,
			1
		],
		[
			0,
			0,
			0,
			0,
			0,
			1,
			1,
			1,
			1,
			1
		],
		[
			0,
			0,
			0,
			0,
			0,
			1,
			1,
			1,
			1,
			1
		],
		[
			0,
			0,
			0,
			0,
			1,
			1,
			1,
			1,
			1,
			1
		],
		[
			0,
			0,
			0,
			1,
			1,
			1,
			1,
			1,
			1,
			1
		],
		[
			1,
			1,
			1,
			1,
			1,
			1,
			1,
			1,
			1,
			1
		],
		[
			1,
			1,
			1,
			1,
			1,
			1,
			1,
			1,
			1,
			1
		],
		[
			1,
			1,
			1,
			1,
			1,
			1,
			1,
			1,
			1,
			1
		],
		[
			1,
			1,
			1,
			1,
			1,
			1,
			1,
			1,
			1,
			1
		],
		[
			1,
			1,
			1,
			1,
			1,
			1,
			1,
			1,
			1,
			1
		]
	],
	"DinamicWorld": false,
	"Freq2D": 0.00300000002607703,
	"Freq3D": 0.00600000005215406,
	"HeightOverride": [
		-1,
		-1,
		-1,
		-1,
		-1,
		-1,
		-1,
		-1,
		-1,
		-1
	],
	"Seed": 12345678,
	"TileType": 0,
	"Zones": [
		{
			"Color": 3754569471,
			"Name": "desert",
			"Resources": [
				[
					"res://GLB_Objects/sand.glb",
					100
				]
			]
		},
		{
			"Color": 584062975,
			"Name": "prado",
			"Resources": [
				[
					"res://GLB_Objects/grass.glb",
					80
				],
				[
					"res://GLB_Objects/grassFlower.glb",
					100
				]
			]
		}
	]
}